MAIN_MARK,PALLET_NO,SHIPPER_CD,SHIP_TO_CD,CUSTOMER_CD,LGCY_SHIP_TO,TRNS_CD,TRNS_CD_ORG,REVISE_FLG,PLNT_CD,LGCY_WH_CD,CUR_LGCY_WH_CD,PKG_FORM_TYP,INVOICE_KEY,CONTAINER_SORTING_KEY,CONTAINER_LOOSE_TYP,RETURN_STYLE_CD,VARIANT_FLG,RT_USE_FLG,WEIGHT_UNIT,NET_WEIGHT,GROSS_WEIGHT,LENGTH_UNIT,LENGTH,WIDTH,HEIGHT,VOLUME_UNIT,VOLUME,SUPPLIER_MAIN_MARK,CML_TYP,OUTER_PKG_CD,EXP_PACKING_DT,EXP_PACKING_ISSUER_ID,EXP_PACKING_ISSUER_NM,DUE_DT,STG_INSTR_ITEM_FLG,CONSIGNEE_CD,COMMERCIAL_FLG,TRADE_TERMS,CURR_CD,PLTZ_STATUS,PACKING_WH_COMP_CD,PACKING_WH_CD,CUR_WH_COMP_CD,CUR_WH_CD,XMAIN_MARK,INVOICE_NO,INVOICE_ISSUE_DT,LOADING_CD,SITE_TYP,EXP_LIMIT_FLG,DNGR_ITEM_FLG,STG_INSTR_NO,STG_ACT_NO,SHIPPING_FIRM_NO,CUSTOM_TIMING_TYP,LAST_TR_STATUS,LAST_TR_RCV_DT,PLTZ_INSTR_NO,EXP_REQUEST_NO,EXP_REQUEST_ALL_CML_ISSUED_FLG,SPLIT_SHIPPING_NG_FLG,SHIPPER_COMP_NM_ABB,SHIPPER_COMP_NM_1,SHIPPER_COMP_NM_2,SHIPPER_COMP_ADDR_1,SHIPPER_COMP_ADDR_2,SHIPPER_COMP_ADDR_3,SHIPPER_COMP_ADDR_4,SHIPPER_COMP_TEL,SHIPPER_COMP_FAX,CONSIGNEE_COMP_NM_1,CONSIGNEE_COMP_NM_2,CONSIGNEE_COMP_ADDR_1,CONSIGNEE_COMP_ADDR_2,CONSIGNEE_COMP_ADDR_3,CONSIGNEE_COMP_ADDR_4,CONSIGNEE_COMP_TEL,CONSIGNEE_COMP_FAX,CONSIGNEE_ATTN,SHIP_TO_NM_1,SHIP_TO_NM_2,SHIP_TO_ADDR_1,SHIP_TO_ADDR_2,SHIP_TO_ADDR_3,SHIP_TO_ADDR_4,SHIP_TO_TEL,INVOICE_CTGRY,PRICE_TERMS,TERMS_POINT,PAY_TERMS,PAY_METH,RE_EXP_GOODS_FLG,SUPPLIER_INVOICE_NO,IMP_INVOICE_NO_1,IMP_INVOICE_NO_2,FREIGHT_RESPONSIBLE_CD,MIGRATION_FLG,OLD_QR_MIX_TYP,OLD_QR_CONTAINER_GRP_CD,COM_UPDATE_FUNC_ID,COM_UPDATE_USER_ID,COM_UPDATE_TIMESTAMP,COM_CREATE_FUNC_ID,COM_CREATE_USER_ID,COM_CREATE_TIMESTAMP
DMY7WH01405920005,S001,MY7,MY7, ,,S,S,N,M1, ,,S,,MY7001,L,bbbbbbbbbbbbbbbbbb,N,Y,KG,300,300,MR,1,2,3,LT,6,,2,,2014/5/10,nexus,拠点　太郎,,N,MY7,N,,2,10,MY7,WH01,MY7,WH01,,,,D,,N,N,,,,Z,10,,,,N,N,,,,,,,,,,,,,,,,,,,,,,,,,,N,FOB,,,,N,,,,P,N,,,WC001,nexus,20:43.0,WC001,nexus,20:43.0
DMY7WH01405920006,S001,MY7,MY7, ,,S,S,N,M1, ,,S,,MY7001,L,bbbbbbbbbbbbbbbbbb,N,Y,KG,300,300,MR,1,2,3,LT,6,,2,,2014/5/10,nexus,拠点　太郎,,N,MY7,N,,2,10,MY7,WH01,MY7,WH01,,,,D,,N,N,,,,Z,10,,,,N,N,,,,,,,,,,,,,,,,,,,,,,,,,,N,FOB,,,,N,,,,P,N,,,WC001,nexus,20:43.0,WC001,nexus,20:43.0
DMY7WH01405920007,S001,MY7,MY7, ,,S,S,N,M1, ,,S,,MY7001,L,bbbbbbbbbbbbbbbbbb,N,Y,KG,3,20,MR,1,2,3,LT,6,,2,,2014/5/10,nexus,拠点　太郎,,N,MY7,N,,2,10,MY7,WH01,MY7,WH01,,,,D,,N,N,,,,Z,10,,,,N,N,,,,,,,,,,,,,,,,,,,,,,,,,,N,FOB,,,,N,,,,P,N,,,WC001,nexus,19:02.0,WC001,nexus,19:02.0
DMY7WH01405920008,S001,MY7,MY7, ,,S,S,N,M1, ,,S,,MY7001,L,bbbbbbbbbbbbbbbbbb,N,Y,KG,3,20,MR,1,2,3,LT,6,,2,,2014/5/10,nexus,拠点　太郎,,N,MY7,N,,2,10,MY7,WH01,MY7,WH01,,,,D,,N,N,,,,Z,10,,,,N,N,,,,,,,,,,,,,,,,,,,,,,,,,,N,FOB,,,,N,,,,P,N,,,WC001,nexus,19:02.0,WC001,nexus,19:02.0
DMY7WH01405920009,S001,MY7,MY7, ,,S,S,N,M1, ,,S,,MY7001,L,bbbbbbbbbbbbbbbbbb,N,Y,KG,3,20,MR,1,2,3,LT,6,,2,,2014/5/10,nexus,拠点　太郎,,N,MY7,N,,2,10,MY7,WH01,MY7,WH01,,,,D,,N,N,,,,Z,10,,,,N,N,,,,,,,,,,,,,,,,,,,,,,,,,,N,FOB,,,,N,,,,P,N,,,WC001,nexus,55:48.0,WC001,nexus,55:48.0
DMY7WH01405920010,S001,MY7,MY7, ,,S,S,N,M1, ,,S,,MY7001,L,bbbbbbbbbbbbbbbbbb,N,Y,KG,3,20,MR,1,2,3,LT,6,,2,,2014/5/10,nexus,拠点　太郎,,N,MY7,N,,2,10,MY7,WH01,MY7,WH01,,,,D,,N,N,,,,Z,10,,,,N,N,,,,,,,,,,,,,,,,,,,,,,,,,,N,FOB,,,,N,,,,P,N,,,WC001,nexus,55:48.0,WC001,nexus,55:48.0
DMY7WH01405920011,S001,MY7,MY7, ,,S,S,N,M1, ,,S,,MY7001,L,bbbbbbbbbbbbbbbbbb,N,Y,KG,3,20,MR,1,2,3,LT,6,,2,,2014/5/10,nexus,拠点　太郎,,N,MY7,N,,2,10,MY7,WH01,MY7,WH01,,,,D,,N,N,,,,Z,10,,,,N,N,,,,,,,,,,,,,,,,,,,,,,,,,,N,FOB,,,,N,,,,P,N,,,WC001,nexus,55:48.0,WC001,nexus,55:48.0
DMY7WH01405920012,S001,MY7,MY7, ,,S,S,N,M1, ,,S,,MY7001,L,bbbbbbbbbbbbbbbbbb,N,Y,KG,3,20,MR,1,2,3,LT,6,,2,,2014/5/10,nexus,拠点　太郎,,N,MY7,N,,2,10,MY7,WH01,MY7,WH01,,,,D,,N,N,,,,Z,10,,,,N,N,,,,,,,,,,,,,,,,,,,,,,,,,,N,FOB,,,,N,,,,P,N,,,WC001,nexus,55:48.0,WC001,nexus,55:48.0
DMY7WH01405920013,S001,MY7,MY7, ,,S,S,N,M1, ,,S,,MY7001,L,bbbbbbbbbbbbbbbbbb,N,Y,KG,3,20,MR,1,2,3,LT,6,,2,,2014/5/10,nexus,拠点　太郎,,N,MY7,N,,2,10,MY7,WH01,MY7,WH01,,,,D,,N,N,,,,Z,10,,,,N,N,,,,,,,,,,,,,,,,,,,,,,,,,,N,FOB,,,,N,,,,P,N,,,WC001,nexus,55:48.0,WC001,nexus,55:48.0
DMY7WH01405920014,S001,MY7,MY7, ,,S,S,N,M1, ,,S,,MY7001,L,bbbbbbbbbbbbbbbbbb,N,Y,KG,3,20,MR,1,2,3,LT,6,,2,,2014/5/10,nexus,拠点　太郎,,N,MY7,N,,2,10,MY7,WH01,MY7,WH01,,,,D,,N,N,,,,Z,10,,,,N,N,,,,,,,,,,,,,,,,,,,,,,,,,,N,FOB,,,,N,,,,P,N,,,WC001,nexus,55:48.0,WC001,nexus,55:48.0
DMY7WH01405920015,S001,MY7,MY7, ,,S,S,N,M1, ,,S,,MY7001,L,bbbbbbbbbbbbbbbbbb,N,Y,KG,3,20,MR,1,2,3,LT,6,,2,,2014/5/10,nexus,拠点　太郎,,N,MY7,N,,2,10,MY7,WH01,MY7,WH01,,,,D,,N,N,,,,Z,10,,,,N,N,,,,,,,,,,,,,,,,,,,,,,,,,,N,FOB,,,,N,,,,P,N,,,WC001,nexus,55:48.0,WC001,nexus,55:48.0
DMY7WH01405920016,S001,MY7,MY7, ,,S,S,N,M1, ,,S,,MY7001,L,bbbbbbbbbbbbbbbbbb,N,Y,KG,3,20,MR,1,2,3,LT,6,,2,,2014/5/10,nexus,拠点　太郎,,N,MY7,N,,2,10,MY7,WH01,MY7,WH01,,,,D,,N,N,,,,Z,10,,,,N,N,,,,,,,,,,,,,,,,,,,,,,,,,,N,FOB,,,,N,,,,P,N,,,WC001,nexus,55:48.0,WC001,nexus,55:48.0
DMY7WH01405920017,S001,MY7,MY7, ,,S,S,N,M1, ,,S,,MY7001,L,bbbbbbbbbbbbbbbbbb,N,Y,KG,3,20,MR,1,2,3,LT,6,,2,,2014/5/10,nexus,拠点　太郎,,N,MY7,N,,2,10,MY7,WH01,MY7,WH01,,,,D,,N,N,,,,Z,10,,,,N,N,,,,,,,,,,,,,,,,,,,,,,,,,,N,FOB,,,,N,,,,P,N,,,WC001,nexus,55:48.0,WC001,nexus,55:48.0
DMY7WH01405920018,S001,MY7,MY7, ,,S,S,N,M1, ,,S,,MY7001,L,bbbbbbbbbbbbbbbbbb,N,Y,KG,3,20,MR,1,2,3,LT,6,,2,,2014/5/10,nexus,拠点　太郎,,N,MY7,N,,2,10,MY7,WH01,MY7,WH01,,,,D,,N,N,,,,Z,10,,,,N,N,,,,,,,,,,,,,,,,,,,,,,,,,,N,FOB,,,,N,,,,P,N,,,WC001,nexus,55:48.0,WC001,nexus,55:48.0
DMY7WH01405920019,S001,MY7,MY7, ,,S,S,N,M1, ,,S,,MY7001,L,bbbbbbbbbbbbbbbbbb,N,Y,KG,3,20,MR,1,2,3,LT,6,,2,,2014/5/10,nexus,拠点　太郎,,N,MY7,N,,2,10,MY7,WH01,MY7,WH01,,,,D,,N,N,,,,Z,10,,,,N,N,,,,,,,,,,,,,,,,,,,,,,,,,,N,FOB,,,,N,,,,P,N,,,WC001,nexus,55:48.0,WC001,nexus,55:48.0
DMY7WH01405920020,S001,MY7,MY7, ,,S,S,N,M1, ,,S,,MY7001,L,bbbbbbbbbbbbbbbbbb,N,Y,KG,3,20,MR,1,2,3,LT,6,,2,,2014/5/10,nexus,拠点　太郎,,N,MY7,N,,2,10,MY7,WH01,MY7,WH01,,,,D,,N,N,,,,Z,10,,,,N,N,,,,,,,,,,,,,,,,,,,,,,,,,,N,FOB,,,,N,,,,P,N,,,WC001,nexus,55:48.0,WC001,nexus,55:48.0
DMY7WH01405920021,S001,MY7,MY7, ,,S,S,N,M1, ,,S,,MY7001,L,bbbbbbbbbbbbbbbbbb,N,Y,KG,3,20,MR,1,2,3,LT,6,,2,,2014/5/10,nexus,拠点　太郎,,N,MY7,N,,2,10,MY7,WH01,MY7,WH01,,,,D,,N,N,,,,Z,10,,,,N,N,,,,,,,,,,,,,,,,,,,,,,,,,,N,FOB,,,,N,,,,P,N,,,WC001,nexus,55:48.0,WC001,nexus,55:48.0
DMY7WH01405920022,S001,MY7,MY7, ,,S,S,N,M1, ,,S,,MY7001,L,bbbbbbbbbbbbbbbbbb,N,Y,KG,3,20,MR,1,2,3,LT,6,,2,,2014/5/10,nexus,拠点　太郎,,N,MY7,N,,2,10,MY7,WH01,MY7,WH01,,,,D,,N,N,,,,Z,10,,,,N,N,,,,,,,,,,,,,,,,,,,,,,,,,,N,FOB,,,,N,,,,P,N,,,WC001,nexus,55:48.0,WC001,nexus,55:48.0
DMY7WH01405920023,S001,MY7,MY7, ,,S,S,N,M1, ,,S,,MY7001,L,bbbbbbbbbbbbbbbbbb,N,Y,KG,3,20,MR,1,2,3,LT,6,,2,,2014/5/10,nexus,拠点　太郎,,N,MY7,N,,2,10,MY7,WH01,MY7,WH01,,,,D,,N,N,,,,Z,10,,,,N,N,,,,,,,,,,,,,,,,,,,,,,,,,,N,FOB,,,,N,,,,P,N,,,WC001,nexus,55:48.0,WC001,nexus,55:48.0
DMY7WH01405920024,S001,MY7,MY7, ,,S,S,N,M1, ,,S,,MY7001,L,bbbbbbbbbbbbbbbbbb,N,Y,KG,3,20,MR,1,2,3,LT,6,,2,,2014/5/10,nexus,拠点　太郎,,N,MY7,N,,2,10,MY7,WH01,MY7,WH01,,,,D,,N,N,,,,Z,10,,,,N,N,,,,,,,,,,,,,,,,,,,,,,,,,,N,FOB,,,,N,,,,P,N,,,WC001,nexus,55:48.0,WC001,nexus,55:48.0
DMY7WH01405920025,S001,MY7,MY7, ,,S,S,N,M1, ,,S,,MY7001,L,bbbbbbbbbbbbbbbbbb,N,Y,KG,3,20,MR,1,2,3,LT,6,,2,,2014/5/10,nexus,拠点　太郎,,N,MY7,N,,2,10,MY7,WH01,MY7,WH01,,,,D,,N,N,,,,Z,10,,,,N,N,,,,,,,,,,,,,,,,,,,,,,,,,,N,FOB,,,,N,,,,P,N,,,WC001,nexus,55:48.0,WC001,nexus,55:48.0
DMY7WH01405920026,S001,MY7,MY7, ,,S,S,N,M1, ,,S,,MY7001,L,bbbbbbbbbbbbbbbbbb,N,Y,KG,3,20,MR,1,2,3,LT,6,,2,,2014/5/10,nexus,拠点　太郎,,N,MY7,N,,2,10,MY7,WH01,MY7,WH01,,,,D,,N,N,,,,Z,10,,,,N,N,,,,,,,,,,,,,,,,,,,,,,,,,,N,FOB,,,,N,,,,P,N,,,WC001,nexus,55:48.0,WC001,nexus,55:48.0
DMY7WH01405920027,S001,MY7,MY7, ,,S,S,N,M1, ,,S,,MY7001,L,bbbbbbbbbbbbbbbbbb,N,Y,KG,3,20,MR,1,2,3,LT,6,,2,,2014/5/10,nexus,拠点　太郎,,N,MY7,N,,2,10,MY7,WH01,MY7,WH01,,,,D,,N,N,,,,Z,10,,,,N,N,,,,,,,,,,,,,,,,,,,,,,,,,,N,FOB,,,,N,,,,P,N,,,WC001,nexus,55:48.0,WC001,nexus,55:48.0
DMY7WH01405920028,S001,MY7,MY7, ,,S,S,N,M1, ,,S,,MY7001,L,bbbbbbbbbbbbbbbbbb,N,Y,KG,3,20,MR,1,2,3,LT,6,,2,,2014/5/10,nexus,拠点　太郎,,N,MY7,N,,2,10,MY7,WH01,MY7,WH01,,,,D,,N,N,,,,Z,10,,,,N,N,,,,,,,,,,,,,,,,,,,,,,,,,,N,FOB,,,,N,,,,P,N,,,WC001,nexus,55:48.0,WC001,nexus,55:48.0
DMY7WH01405920029,S001,MY7,MY7, ,,S,S,N,M1, ,,S,,MY7001,L,bbbbbbbbbbbbbbbbbb,N,Y,KG,3,20,MR,1,2,3,LT,6,,2,,2014/5/10,nexus,拠点　太郎,,N,MY7,N,,2,10,MY7,WH01,MY7,WH01,,,,D,,N,N,,,,Z,10,,,,N,N,,,,,,,,,,,,,,,,,,,,,,,,,,N,FOB,,,,N,,,,P,N,,,WC001,nexus,55:48.0,WC001,nexus,55:48.0
DMY7WH01405920030,S001,MY7,MY7, ,,S,S,N,M1, ,,S,,MY7001,L,bbbbbbbbbbbbbbbbbb,N,Y,KG,3,20,MR,1,2,3,LT,6,,2,,2014/5/10,nexus,拠点　太郎,,N,MY7,N,,2,10,MY7,WH01,MY7,WH01,,,,D,,N,N,,,,Z,10,,,,N,N,,,,,,,,,,,,,,,,,,,,,,,,,,N,FOB,,,,N,,,,P,N,,,WC001,nexus,55:48.0,WC001,nexus,55:48.0
DMY7WH01405920031,S001,MY7,MY7, ,,S,S,N,M1, ,,S,,MY7001,L,bbbbbbbbbbbbbbbbbb,N,Y,KG,3,20,MR,1,2,3,LT,6,,2,,2014/5/10,nexus,拠点　太郎,,N,MY7,N,,2,10,MY7,WH01,MY7,WH01,,,,D,,N,N,,,,Z,10,,,,N,N,,,,,,,,,,,,,,,,,,,,,,,,,,N,FOB,,,,N,,,,P,N,,,WC001,nexus,55:48.0,WC001,nexus,55:48.0
DMY7WH01405920032,S001,MY7,MY7, ,,S,S,N,M1, ,,S,,MY7001,L,bbbbbbbbbbbbbbbbbb,N,Y,KG,3,20,MR,1,2,3,LT,6,,2,,2014/5/10,nexus,拠点　太郎,,N,MY7,N,,2,10,MY7,WH01,MY7,WH01,,,,D,,N,N,,,,Z,10,,,,N,N,,,,,,,,,,,,,,,,,,,,,,,,,,N,FOB,,,,N,,,,P,N,,,WC001,nexus,55:48.0,WC001,nexus,55:48.0
DMY7WH01405920033,S001,MY7,MY7, ,,S,S,N,M1, ,,S,,MY7001,L,bbbbbbbbbbbbbbbbbb,N,Y,KG,3,20,MR,1,2,3,LT,6,,2,,2014/5/10,nexus,拠点　太郎,,N,MY7,N,,2,10,MY7,WH01,MY7,WH01,,,,D,,N,N,,,,Z,10,,,,N,N,,,,,,,,,,,,,,,,,,,,,,,,,,N,FOB,,,,N,,,,P,N,,,WC001,nexus,55:48.0,WC001,nexus,55:48.0
DMY7WH01405920034,S001,MY7,MY7, ,,S,S,N,M1, ,,S,,MY7001,L,bbbbbbbbbbbbbbbbbb,N,Y,KG,3,20,MR,1,2,3,LT,6,,2,,2014/5/10,nexus,拠点　太郎,,N,MY7,N,,2,10,MY7,WH01,MY7,WH01,,,,D,,N,N,,,,Z,10,,,,N,N,,,,,,,,,,,,,,,,,,,,,,,,,,N,FOB,,,,N,,,,P,N,,,WC001,nexus,55:48.0,WC001,nexus,55:48.0
DMY7WH01405920035,S001,MY7,MY7, ,,S,S,N,M1, ,,S,,MY7001,L,bbbbbbbbbbbbbbbbbb,N,Y,KG,3,20,MR,1,2,3,LT,6,,2,,2014/5/10,nexus,拠点　太郎,,N,MY7,N,,2,10,MY7,WH01,MY7,WH01,,,,D,,N,N,,,,Z,10,,,,N,N,,,,,,,,,,,,,,,,,,,,,,,,,,N,FOB,,,,N,,,,P,N,,,WC001,nexus,55:48.0,WC001,nexus,55:48.0
DMY7WH01405920036,S001,MY7,MY7, ,,S,S,N,M1, ,,S,,MY7001,L,bbbbbbbbbbbbbbbbbb,N,Y,KG,3,20,MR,1,2,3,LT,6,,2,,2014/5/10,nexus,拠点　太郎,,N,MY7,N,,2,10,MY7,WH01,MY7,WH01,,,,D,,N,N,,,,Z,10,,,,N,N,,,,,,,,,,,,,,,,,,,,,,,,,,N,FOB,,,,N,,,,P,N,,,WC001,nexus,55:48.0,WC001,nexus,55:48.0
DMY7WH01405920037,S001,MY7,MY7, ,,S,S,N,M1, ,,S,,MY7001,L,bbbbbbbbbbbbbbbbbb,N,Y,KG,3,20,MR,1,2,3,LT,6,,2,,2014/5/10,nexus,拠点　太郎,,N,MY7,N,,2,10,MY7,WH01,MY7,WH01,,,,D,,N,N,,,,Z,10,,,,N,N,,,,,,,,,,,,,,,,,,,,,,,,,,N,FOB,,,,N,,,,P,N,,,WC001,nexus,55:48.0,WC001,nexus,55:48.0
DMY7WH01405920038,S001,MY7,MY7, ,,S,S,N,M1, ,,S,,MY7001,L,bbbbbbbbbbbbbbbbbb,N,Y,KG,3,20,MR,1,2,3,LT,6,,2,,2014/5/10,nexus,拠点　太郎,,N,MY7,N,,2,10,MY7,WH01,MY7,WH01,,,,D,,N,N,,,,Z,10,,,,N,N,,,,,,,,,,,,,,,,,,,,,,,,,,N,FOB,,,,N,,,,P,N,,,WC001,nexus,55:48.0,WC001,nexus,55:48.0
DMY7WH01405920039,S001,MY7,MY7, ,,S,S,N,M1, ,,S,,MY7001,L,bbbbbbbbbbbbbbbbbb,N,Y,KG,3,20,MR,1,2,3,LT,6,,2,,2014/5/10,nexus,拠点　太郎,,N,MY7,N,,2,10,MY7,WH01,MY7,WH01,,,,D,,N,N,,,,Z,10,,,,N,N,,,,,,,,,,,,,,,,,,,,,,,,,,N,FOB,,,,N,,,,P,N,,,WC001,nexus,55:49.0,WC001,nexus,55:49.0
DMY7WH01405920040,S001,MY7,MY7, ,,S,S,N,M1, ,,S,,MY7001,L,bbbbbbbbbbbbbbbbbb,N,Y,KG,3,20,MR,1,2,3,LT,6,,2,,2014/5/10,nexus,拠点　太郎,,N,MY7,N,,2,10,MY7,WH01,MY7,WH01,,,,D,,N,N,,,,Z,10,,,,N,N,,,,,,,,,,,,,,,,,,,,,,,,,,N,FOB,,,,N,,,,P,N,,,WC001,nexus,55:49.0,WC001,nexus,55:49.0
DMY7WH01405920041,S001,MY7,MY7, ,,S,S,N,M1, ,,S,,MY7001,L,bbbbbbbbbbbbbbbbbb,N,Y,KG,3,20,MR,1,2,3,LT,6,,2,,2014/5/10,nexus,拠点　太郎,,N,MY7,N,,2,10,MY7,WH01,MY7,WH01,,,,D,,N,N,,,,Z,10,,,,N,N,,,,,,,,,,,,,,,,,,,,,,,,,,N,FOB,,,,N,,,,P,N,,,WC001,nexus,55:49.0,WC001,nexus,55:49.0
DMY7WH01405920042,S001,MY7,MY7, ,,S,S,N,M1, ,,S,,MY7001,L,bbbbbbbbbbbbbbbbbb,N,Y,KG,3,20,MR,1,2,3,LT,6,,2,,2014/5/10,nexus,拠点　太郎,,N,MY7,N,,2,10,MY7,WH01,MY7,WH01,,,,D,,N,N,,,,Z,10,,,,N,N,,,,,,,,,,,,,,,,,,,,,,,,,,N,FOB,,,,N,,,,P,N,,,WC001,nexus,55:49.0,WC001,nexus,55:49.0
DMY7WH01405920043,S001,MY7,MY7, ,,S,S,N,M1, ,,S,,MY7001,L,bbbbbbbbbbbbbbbbbb,N,Y,KG,3,20,MR,1,2,3,LT,6,,2,,2014/5/10,nexus,拠点　太郎,,N,MY7,N,,2,10,MY7,WH01,MY7,WH01,,,,D,,N,N,,,,Z,10,,,,N,N,,,,,,,,,,,,,,,,,,,,,,,,,,N,FOB,,,,N,,,,P,N,,,WC001,nexus,55:49.0,WC001,nexus,55:49.0
DMY7WH01405920044,S001,MY7,MY7, ,,S,S,N,M1, ,,S,,MY7001,L,bbbbbbbbbbbbbbbbbb,N,Y,KG,3,20,MR,1,2,3,LT,6,,2,,2014/5/10,nexus,拠点　太郎,,N,MY7,N,,2,10,MY7,WH01,MY7,WH01,,,,D,,N,N,,,,Z,10,,,,N,N,,,,,,,,,,,,,,,,,,,,,,,,,,N,FOB,,,,N,,,,P,N,,,WC001,nexus,55:49.0,WC001,nexus,55:49.0
DMY7WH01405920045,S001,MY7,MY7, ,,S,S,N,M1, ,,S,,MY7001,L,bbbbbbbbbbbbbbbbbb,N,Y,KG,3,20,MR,1,2,3,LT,6,,2,,2014/5/10,nexus,拠点　太郎,,N,MY7,N,,2,10,MY7,WH01,MY7,WH01,,,,D,,N,N,,,,Z,10,,,,N,N,,,,,,,,,,,,,,,,,,,,,,,,,,N,FOB,,,,N,,,,P,N,,,WC001,nexus,55:49.0,WC001,nexus,55:49.0
DMY7WH01405920046,S001,MY7,MY7, ,,S,S,N,M1, ,,S,,MY7001,L,bbbbbbbbbbbbbbbbbb,N,Y,KG,3,20,MR,1,2,3,LT,6,,2,,2014/5/10,nexus,拠点　太郎,,N,MY7,N,,2,10,MY7,WH01,MY7,WH01,,,,D,,N,N,,,,Z,10,,,,N,N,,,,,,,,,,,,,,,,,,,,,,,,,,N,FOB,,,,N,,,,P,N,,,WC001,nexus,55:49.0,WC001,nexus,55:49.0
DMY7WH01405920047,S001,MY7,MY7, ,,S,S,N,M1, ,,S,,MY7001,L,bbbbbbbbbbbbbbbbbb,N,Y,KG,3,20,MR,1,2,3,LT,6,,2,,2014/5/10,nexus,拠点　太郎,,N,MY7,N,,2,10,MY7,WH01,MY7,WH01,,,,D,,N,N,,,,Z,10,,,,N,N,,,,,,,,,,,,,,,,,,,,,,,,,,N,FOB,,,,N,,,,P,N,,,WC001,nexus,55:49.0,WC001,nexus,55:49.0
DMY7WH01405920048,S001,MY7,MY7, ,,S,S,N,M1, ,,S,,MY7001,L,bbbbbbbbbbbbbbbbbb,N,Y,KG,3,20,MR,1,2,3,LT,6,,2,,2014/5/10,nexus,拠点　太郎,,N,MY7,N,,2,10,MY7,WH01,MY7,WH01,,,,D,,N,N,,,,Z,10,,,,N,N,,,,,,,,,,,,,,,,,,,,,,,,,,N,FOB,,,,N,,,,P,N,,,WC001,nexus,55:49.0,WC001,nexus,55:49.0
DMY7WH01405920049,S001,MY7,MY7, ,,S,S,N,M1, ,,S,,MY7001,L,bbbbbbbbbbbbbbbbbb,N,Y,KG,3,20,MR,1,2,3,LT,6,,2,,2014/5/10,nexus,拠点　太郎,,N,MY7,N,,2,10,MY7,WH01,MY7,WH01,,,,D,,N,N,,,,Z,10,,,,N,N,,,,,,,,,,,,,,,,,,,,,,,,,,N,FOB,,,,N,,,,P,N,,,WC001,nexus,55:49.0,WC001,nexus,55:49.0
DMY7WH01405920050,S001,MY7,MY7, ,,S,S,N,M1, ,,S,,MY7001,L,bbbbbbbbbbbbbbbbbb,N,Y,KG,3,20,MR,1,2,3,LT,6,,2,,2014/5/10,nexus,拠点　太郎,,N,MY7,N,,2,10,MY7,WH01,MY7,WH01,,,,D,,N,N,,,,Z,10,,,,N,N,,,,,,,,,,,,,,,,,,,,,,,,,,N,FOB,,,,N,,,,P,N,,,WC001,nexus,55:49.0,WC001,nexus,55:49.0
DMY7WH01405920051,S001,MY7,MY7, ,,S,S,N,M1, ,,S,,MY7001,L,bbbbbbbbbbbbbbbbbb,N,Y,KG,3,20,MR,1,2,3,LT,6,,2,,2014/5/10,nexus,拠点　太郎,,N,MY7,N,,2,10,MY7,WH01,MY7,WH01,,,,D,,N,N,,,,Z,10,,,,N,N,,,,,,,,,,,,,,,,,,,,,,,,,,N,FOB,,,,N,,,,P,N,,,WC001,nexus,55:49.0,WC001,nexus,55:49.0
DMY7WH01405920052,S001,MY7,MY7, ,,S,S,N,M1, ,,S,,MY7001,L,bbbbbbbbbbbbbbbbbb,N,Y,KG,3,20,MR,1,2,3,LT,6,,2,,2014/5/10,nexus,拠点　太郎,,N,MY7,N,,2,10,MY7,WH01,MY7,WH01,,,,D,,N,N,,,,Z,10,,,,N,N,,,,,,,,,,,,,,,,,,,,,,,,,,N,FOB,,,,N,,,,P,N,,,WC001,nexus,55:49.0,WC001,nexus,55:49.0
DMY7WH01405920053,S001,MY7,MY7, ,,S,S,N,M1, ,,S,,MY7001,L,bbbbbbbbbbbbbbbbbb,N,Y,KG,3,20,MR,1,2,3,LT,6,,2,,2014/5/10,nexus,拠点　太郎,,N,MY7,N,,2,10,MY7,WH01,MY7,WH01,,,,D,,N,N,,,,Z,10,,,,N,N,,,,,,,,,,,,,,,,,,,,,,,,,,N,FOB,,,,N,,,,P,N,,,WC001,nexus,55:49.0,WC001,nexus,55:49.0
DMY7WH01405920054,S001,MY7,MY7, ,,S,S,N,M1, ,,S,,MY7001,L,bbbbbbbbbbbbbbbbbb,N,Y,KG,3,20,MR,1,2,3,LT,6,,2,,2014/5/10,nexus,拠点　太郎,,N,MY7,N,,2,10,MY7,WH01,MY7,WH01,,,,D,,N,N,,,,Z,10,,,,N,N,,,,,,,,,,,,,,,,,,,,,,,,,,N,FOB,,,,N,,,,P,N,,,WC001,nexus,55:49.0,WC001,nexus,55:49.0
DMY7WH01405920055,S001,MY7,MY7, ,,S,S,N,M1, ,,S,,MY7001,L,bbbbbbbbbbbbbbbbbb,N,Y,KG,3,20,MR,1,2,3,LT,6,,2,,2014/5/10,nexus,拠点　太郎,,N,MY7,N,,2,10,MY7,WH01,MY7,WH01,,,,D,,N,N,,,,Z,10,,,,N,N,,,,,,,,,,,,,,,,,,,,,,,,,,N,FOB,,,,N,,,,P,N,,,WC001,nexus,55:49.0,WC001,nexus,55:49.0
DMY7WH01405920056,S001,MY7,MY7, ,,S,S,N,M1, ,,S,,MY7001,L,bbbbbbbbbbbbbbbbbb,N,Y,KG,3,20,MR,1,2,3,LT,6,,2,,2014/5/10,nexus,拠点　太郎,,N,MY7,N,,2,10,MY7,WH01,MY7,WH01,,,,D,,N,N,,,,Z,10,,,,N,N,,,,,,,,,,,,,,,,,,,,,,,,,,N,FOB,,,,N,,,,P,N,,,WC001,nexus,55:49.0,WC001,nexus,55:49.0
DMY7WH01405920057,S001,MY7,MY7, ,,S,S,N,M1, ,,S,,MY7001,L,bbbbbbbbbbbbbbbbbb,N,Y,KG,3,20,MR,1,2,3,LT,6,,2,,2014/5/10,nexus,拠点　太郎,,N,MY7,N,,2,10,MY7,WH01,MY7,WH01,,,,D,,N,N,,,,Z,10,,,,N,N,,,,,,,,,,,,,,,,,,,,,,,,,,N,FOB,,,,N,,,,P,N,,,WC001,nexus,55:49.0,WC001,nexus,55:49.0
DMY7WH01405920058,S001,MY7,MY7, ,,S,S,N,M1, ,,S,,MY7001,L,bbbbbbbbbbbbbbbbbb,N,Y,KG,3,20,MR,1,2,3,LT,6,,2,,2014/5/10,nexus,拠点　太郎,,N,MY7,N,,2,10,MY7,WH01,MY7,WH01,,,,D,,N,N,,,,Z,10,,,,N,N,,,,,,,,,,,,,,,,,,,,,,,,,,N,FOB,,,,N,,,,P,N,,,WC001,nexus,55:49.0,WC001,nexus,55:49.0
DMY7WH01405920059,S001,MY7,MY7, ,,S,S,N,M1, ,,S,,MY7001,L,bbbbbbbbbbbbbbbbbb,N,Y,KG,3,20,MR,1,2,3,LT,6,,2,,2014/5/10,nexus,拠点　太郎,,N,MY7,N,,2,10,MY7,WH01,MY7,WH01,,,,D,,N,N,,,,Z,10,,,,N,N,,,,,,,,,,,,,,,,,,,,,,,,,,N,FOB,,,,N,,,,P,N,,,WC001,nexus,56:32.0,WC001,nexus,56:32.0
DMY7WH01405920060,S001,MY7,MY7, ,,S,S,N,M1, ,,S,,MY7001,L,bbbbbbbbbbbbbbbbbb,N,Y,KG,3,20,MR,1,2,3,LT,6,,2,,2014/5/10,nexus,拠点　太郎,,N,MY7,N,,2,10,MY7,WH01,MY7,WH01,,,,D,,N,N,,,,Z,10,,,,N,N,,,,,,,,,,,,,,,,,,,,,,,,,,N,FOB,,,,N,,,,P,N,,,WC001,nexus,56:32.0,WC001,nexus,56:32.0
DMY7WH01405920061,S001,MY7,MY7, ,,S,S,N,M1, ,,S,,MY7001,L,bbbbbbbbbbbbbbbbbb,N,Y,KG,3,20,MR,1,2,3,LT,6,,2,,2014/5/10,nexus,拠点　太郎,,N,MY7,N,,2,10,MY7,WH01,MY7,WH01,,,,D,,N,N,,,,Z,10,,,,N,N,,,,,,,,,,,,,,,,,,,,,,,,,,N,FOB,,,,N,,,,P,N,,,WC001,nexus,56:32.0,WC001,nexus,56:32.0
DMY7WH01405920062,S001,MY7,MY7, ,,S,S,N,M1, ,,S,,MY7001,L,bbbbbbbbbbbbbbbbbb,N,Y,KG,3,20,MR,1,2,3,LT,6,,2,,2014/5/10,nexus,拠点　太郎,,N,MY7,N,,2,10,MY7,WH01,MY7,WH01,,,,D,,N,N,,,,Z,10,,,,N,N,,,,,,,,,,,,,,,,,,,,,,,,,,N,FOB,,,,N,,,,P,N,,,WC001,nexus,56:32.0,WC001,nexus,56:32.0
DMY7WH01405920063,S001,MY7,MY7, ,,S,S,N,M1, ,,S,,MY7001,L,bbbbbbbbbbbbbbbbbb,N,Y,KG,3,20,MR,1,2,3,LT,6,,2,,2014/5/10,nexus,拠点　太郎,,N,MY7,N,,2,10,MY7,WH01,MY7,WH01,,,,D,,N,N,,,,Z,10,,,,N,N,,,,,,,,,,,,,,,,,,,,,,,,,,N,FOB,,,,N,,,,P,N,,,WC001,nexus,56:32.0,WC001,nexus,56:32.0
DMY7WH01405920064,S001,MY7,MY7, ,,S,S,N,M1, ,,S,,MY7001,L,bbbbbbbbbbbbbbbbbb,N,Y,KG,3,20,MR,1,2,3,LT,6,,2,,2014/5/10,nexus,拠点　太郎,,N,MY7,N,,2,10,MY7,WH01,MY7,WH01,,,,D,,N,N,,,,Z,10,,,,N,N,,,,,,,,,,,,,,,,,,,,,,,,,,N,FOB,,,,N,,,,P,N,,,WC001,nexus,56:33.0,WC001,nexus,56:33.0
DMY7WH01405920065,S001,MY7,MY7, ,,S,S,N,M1, ,,S,,MY7001,L,bbbbbbbbbbbbbbbbbb,N,Y,KG,3,20,MR,1,2,3,LT,6,,2,,2014/5/10,nexus,拠点　太郎,,N,MY7,N,,2,10,MY7,WH01,MY7,WH01,,,,D,,N,N,,,,Z,10,,,,N,N,,,,,,,,,,,,,,,,,,,,,,,,,,N,FOB,,,,N,,,,P,N,,,WC001,nexus,56:33.0,WC001,nexus,56:33.0
DMY7WH01405920066,S001,MY7,MY7, ,,S,S,N,M1, ,,S,,MY7001,L,bbbbbbbbbbbbbbbbbb,N,Y,KG,3,20,MR,1,2,3,LT,6,,2,,2014/5/10,nexus,拠点　太郎,,N,MY7,N,,2,10,MY7,WH01,MY7,WH01,,,,D,,N,N,,,,Z,10,,,,N,N,,,,,,,,,,,,,,,,,,,,,,,,,,N,FOB,,,,N,,,,P,N,,,WC001,nexus,56:33.0,WC001,nexus,56:33.0
DMY7WH01405920067,S001,MY7,MY7, ,,S,S,N,M1, ,,S,,MY7001,L,bbbbbbbbbbbbbbbbbb,N,Y,KG,3,20,MR,1,2,3,LT,6,,2,,2014/5/10,nexus,拠点　太郎,,N,MY7,N,,2,10,MY7,WH01,MY7,WH01,,,,D,,N,N,,,,Z,10,,,,N,N,,,,,,,,,,,,,,,,,,,,,,,,,,N,FOB,,,,N,,,,P,N,,,WC001,nexus,56:33.0,WC001,nexus,56:33.0
DMY7WH01405920068,S001,MY7,MY7, ,,S,S,N,M1, ,,S,,MY7001,L,bbbbbbbbbbbbbbbbbb,N,Y,KG,3,20,MR,1,2,3,LT,6,,2,,2014/5/10,nexus,拠点　太郎,,N,MY7,N,,2,10,MY7,WH01,MY7,WH01,,,,D,,N,N,,,,Z,10,,,,N,N,,,,,,,,,,,,,,,,,,,,,,,,,,N,FOB,,,,N,,,,P,N,,,WC001,nexus,56:33.0,WC001,nexus,56:33.0
DMY7WH01405920069,S001,MY7,MY7, ,,S,S,N,M1, ,,S,,MY7001,L,bbbbbbbbbbbbbbbbbb,N,Y,KG,3,20,MR,1,2,3,LT,6,,2,,2014/5/10,nexus,拠点　太郎,,N,MY7,N,,2,10,MY7,WH01,MY7,WH01,,,,D,,N,N,,,,Z,10,,,,N,N,,,,,,,,,,,,,,,,,,,,,,,,,,N,FOB,,,,N,,,,P,N,,,WC001,nexus,56:33.0,WC001,nexus,56:33.0
DMY7WH01405920070,S001,MY7,MY7, ,,S,S,N,M1, ,,S,,MY7001,L,bbbbbbbbbbbbbbbbbb,N,Y,KG,3,20,MR,1,2,3,LT,6,,2,,2014/5/10,nexus,拠点　太郎,,N,MY7,N,,2,10,MY7,WH01,MY7,WH01,,,,D,,N,N,,,,Z,10,,,,N,N,,,,,,,,,,,,,,,,,,,,,,,,,,N,FOB,,,,N,,,,P,N,,,WC001,nexus,56:33.0,WC001,nexus,56:33.0
DMY7WH01405920071,S001,MY7,MY7, ,,S,S,N,M1, ,,S,,MY7001,L,bbbbbbbbbbbbbbbbbb,N,Y,KG,3,20,MR,1,2,3,LT,6,,2,,2014/5/10,nexus,拠点　太郎,,N,MY7,N,,2,10,MY7,WH01,MY7,WH01,,,,D,,N,N,,,,Z,10,,,,N,N,,,,,,,,,,,,,,,,,,,,,,,,,,N,FOB,,,,N,,,,P,N,,,WC001,nexus,56:33.0,WC001,nexus,56:33.0
DMY7WH01405920072,S001,MY7,MY7, ,,S,S,N,M1, ,,S,,MY7001,L,bbbbbbbbbbbbbbbbbb,N,Y,KG,3,20,MR,1,2,3,LT,6,,2,,2014/5/10,nexus,拠点　太郎,,N,MY7,N,,2,10,MY7,WH01,MY7,WH01,,,,D,,N,N,,,,Z,10,,,,N,N,,,,,,,,,,,,,,,,,,,,,,,,,,N,FOB,,,,N,,,,P,N,,,WC001,nexus,56:33.0,WC001,nexus,56:33.0
DMY7WH01405920073,S001,MY7,MY7, ,,S,S,N,M1, ,,S,,MY7001,L,bbbbbbbbbbbbbbbbbb,N,Y,KG,3,20,MR,1,2,3,LT,6,,2,,2014/5/10,nexus,拠点　太郎,,N,MY7,N,,2,10,MY7,WH01,MY7,WH01,,,,D,,N,N,,,,Z,10,,,,N,N,,,,,,,,,,,,,,,,,,,,,,,,,,N,FOB,,,,N,,,,P,N,,,WC001,nexus,56:33.0,WC001,nexus,56:33.0
DMY7WH01405920074,S001,MY7,MY7, ,,S,S,N,M1, ,,S,,MY7001,L,bbbbbbbbbbbbbbbbbb,N,Y,KG,3,20,MR,1,2,3,LT,6,,2,,2014/5/10,nexus,拠点　太郎,,N,MY7,N,,2,10,MY7,WH01,MY7,WH01,,,,D,,N,N,,,,Z,10,,,,N,N,,,,,,,,,,,,,,,,,,,,,,,,,,N,FOB,,,,N,,,,P,N,,,WC001,nexus,56:33.0,WC001,nexus,56:33.0
DMY7WH01405920075,S001,MY7,MY7, ,,S,S,N,M1, ,,S,,MY7001,L,bbbbbbbbbbbbbbbbbb,N,Y,KG,3,20,MR,1,2,3,LT,6,,2,,2014/5/10,nexus,拠点　太郎,,N,MY7,N,,2,10,MY7,WH01,MY7,WH01,,,,D,,N,N,,,,Z,10,,,,N,N,,,,,,,,,,,,,,,,,,,,,,,,,,N,FOB,,,,N,,,,P,N,,,WC001,nexus,56:33.0,WC001,nexus,56:33.0
DMY7WH01405920076,S001,MY7,MY7, ,,S,S,N,M1, ,,S,,MY7001,L,bbbbbbbbbbbbbbbbbb,N,Y,KG,3,20,MR,1,2,3,LT,6,,2,,2014/5/10,nexus,拠点　太郎,,N,MY7,N,,2,10,MY7,WH01,MY7,WH01,,,,D,,N,N,,,,Z,10,,,,N,N,,,,,,,,,,,,,,,,,,,,,,,,,,N,FOB,,,,N,,,,P,N,,,WC001,nexus,56:33.0,WC001,nexus,56:33.0
DMY7WH01405920077,S001,MY7,MY7, ,,S,S,N,M1, ,,S,,MY7001,L,bbbbbbbbbbbbbbbbbb,N,Y,KG,3,20,MR,1,2,3,LT,6,,2,,2014/5/10,nexus,拠点　太郎,,N,MY7,N,,2,10,MY7,WH01,MY7,WH01,,,,D,,N,N,,,,Z,10,,,,N,N,,,,,,,,,,,,,,,,,,,,,,,,,,N,FOB,,,,N,,,,P,N,,,WC001,nexus,56:33.0,WC001,nexus,56:33.0
DMY7WH01405920078,S001,MY7,MY7, ,,S,S,N,M1, ,,S,,MY7001,L,bbbbbbbbbbbbbbbbbb,N,Y,KG,3,20,MR,1,2,3,LT,6,,2,,2014/5/10,nexus,拠点　太郎,,N,MY7,N,,2,10,MY7,WH01,MY7,WH01,,,,D,,N,N,,,,Z,10,,,,N,N,,,,,,,,,,,,,,,,,,,,,,,,,,N,FOB,,,,N,,,,P,N,,,WC001,nexus,56:33.0,WC001,nexus,56:33.0
DMY7WH01405920079,S001,MY7,MY7, ,,S,S,N,M1, ,,S,,MY7001,L,bbbbbbbbbbbbbbbbbb,N,Y,KG,3,20,MR,1,2,3,LT,6,,2,,2014/5/10,nexus,拠点　太郎,,N,MY7,N,,2,10,MY7,WH01,MY7,WH01,,,,D,,N,N,,,,Z,10,,,,N,N,,,,,,,,,,,,,,,,,,,,,,,,,,N,FOB,,,,N,,,,P,N,,,WC001,nexus,56:33.0,WC001,nexus,56:33.0
DMY7WH01405920080,S001,MY7,MY7, ,,S,S,N,M1, ,,S,,MY7001,L,bbbbbbbbbbbbbbbbbb,N,Y,KG,3,20,MR,1,2,3,LT,6,,2,,2014/5/10,nexus,拠点　太郎,,N,MY7,N,,2,10,MY7,WH01,MY7,WH01,,,,D,,N,N,,,,Z,10,,,,N,N,,,,,,,,,,,,,,,,,,,,,,,,,,N,FOB,,,,N,,,,P,N,,,WC001,nexus,56:33.0,WC001,nexus,56:33.0
DMY7WH01405920081,S001,MY7,MY7, ,,S,S,N,M1, ,,S,,MY7001,L,bbbbbbbbbbbbbbbbbb,N,Y,KG,3,20,MR,1,2,3,LT,6,,2,,2014/5/10,nexus,拠点　太郎,,N,MY7,N,,2,10,MY7,WH01,MY7,WH01,,,,D,,N,N,,,,Z,10,,,,N,N,,,,,,,,,,,,,,,,,,,,,,,,,,N,FOB,,,,N,,,,P,N,,,WC001,nexus,56:33.0,WC001,nexus,56:33.0
DMY7WH01405920082,S001,MY7,MY7, ,,S,S,N,M1, ,,S,,MY7001,L,bbbbbbbbbbbbbbbbbb,N,Y,KG,3,20,MR,1,2,3,LT,6,,2,,2014/5/10,nexus,拠点　太郎,,N,MY7,N,,2,10,MY7,WH01,MY7,WH01,,,,D,,N,N,,,,Z,10,,,,N,N,,,,,,,,,,,,,,,,,,,,,,,,,,N,FOB,,,,N,,,,P,N,,,WC001,nexus,56:33.0,WC001,nexus,56:33.0
DMY7WH01405920083,S001,MY7,MY7, ,,S,S,N,M1, ,,S,,MY7001,L,bbbbbbbbbbbbbbbbbb,N,Y,KG,3,20,MR,1,2,3,LT,6,,2,,2014/5/10,nexus,拠点　太郎,,N,MY7,N,,2,10,MY7,WH01,MY7,WH01,,,,D,,N,N,,,,Z,10,,,,N,N,,,,,,,,,,,,,,,,,,,,,,,,,,N,FOB,,,,N,,,,P,N,,,WC001,nexus,56:33.0,WC001,nexus,56:33.0
DMY7WH01405920084,S001,MY7,MY7, ,,S,S,N,M1, ,,S,,MY7001,L,bbbbbbbbbbbbbbbbbb,N,Y,KG,3,20,MR,1,2,3,LT,6,,2,,2014/5/10,nexus,拠点　太郎,,N,MY7,N,,2,10,MY7,WH01,MY7,WH01,,,,D,,N,N,,,,Z,10,,,,N,N,,,,,,,,,,,,,,,,,,,,,,,,,,N,FOB,,,,N,,,,P,N,,,WC001,nexus,56:33.0,WC001,nexus,56:33.0
DMY7WH01405920085,S001,MY7,MY7, ,,S,S,N,M1, ,,S,,MY7001,L,bbbbbbbbbbbbbbbbbb,N,Y,KG,3,20,MR,1,2,3,LT,6,,2,,2014/5/10,nexus,拠点　太郎,,N,MY7,N,,2,10,MY7,WH01,MY7,WH01,,,,D,,N,N,,,,Z,10,,,,N,N,,,,,,,,,,,,,,,,,,,,,,,,,,N,FOB,,,,N,,,,P,N,,,WC001,nexus,56:33.0,WC001,nexus,56:33.0
DMY7WH01405920086,S001,MY7,MY7, ,,S,S,N,M1, ,,S,,MY7001,L,bbbbbbbbbbbbbbbbbb,N,Y,KG,3,20,MR,1,2,3,LT,6,,2,,2014/5/10,nexus,拠点　太郎,,N,MY7,N,,2,10,MY7,WH01,MY7,WH01,,,,D,,N,N,,,,Z,10,,,,N,N,,,,,,,,,,,,,,,,,,,,,,,,,,N,FOB,,,,N,,,,P,N,,,WC001,nexus,56:33.0,WC001,nexus,56:33.0
DMY7WH01405920087,S001,MY7,MY7, ,,S,S,N,M1, ,,S,,MY7001,L,bbbbbbbbbbbbbbbbbb,N,Y,KG,3,20,MR,1,2,3,LT,6,,2,,2014/5/10,nexus,拠点　太郎,,N,MY7,N,,2,10,MY7,WH01,MY7,WH01,,,,D,,N,N,,,,Z,10,,,,N,N,,,,,,,,,,,,,,,,,,,,,,,,,,N,FOB,,,,N,,,,P,N,,,WC001,nexus,56:33.0,WC001,nexus,56:33.0
DMY7WH01405920088,S001,MY7,MY7, ,,S,S,N,M1, ,,S,,MY7001,L,bbbbbbbbbbbbbbbbbb,N,Y,KG,3,20,MR,1,2,3,LT,6,,2,,2014/5/10,nexus,拠点　太郎,,N,MY7,N,,2,10,MY7,WH01,MY7,WH01,,,,D,,N,N,,,,Z,10,,,,N,N,,,,,,,,,,,,,,,,,,,,,,,,,,N,FOB,,,,N,,,,P,N,,,WC001,nexus,56:33.0,WC001,nexus,56:33.0
DMY7WH01405920089,S001,MY7,MY7, ,,S,S,N,M1, ,,S,,MY7001,L,bbbbbbbbbbbbbbbbbb,N,Y,KG,3,20,MR,1,2,3,LT,6,,2,,2014/5/10,nexus,拠点　太郎,,N,MY7,N,,2,10,MY7,WH01,MY7,WH01,,,,D,,N,N,,,,Z,10,,,,N,N,,,,,,,,,,,,,,,,,,,,,,,,,,N,FOB,,,,N,,,,P,N,,,WC001,nexus,56:33.0,WC001,nexus,56:33.0
DMY7WH01405920090,S001,MY7,MY7, ,,S,S,N,M1, ,,S,,MY7001,L,bbbbbbbbbbbbbbbbbb,N,Y,KG,3,20,MR,1,2,3,LT,6,,2,,2014/5/10,nexus,拠点　太郎,,N,MY7,N,,2,10,MY7,WH01,MY7,WH01,,,,D,,N,N,,,,Z,10,,,,N,N,,,,,,,,,,,,,,,,,,,,,,,,,,N,FOB,,,,N,,,,P,N,,,WC001,nexus,56:33.0,WC001,nexus,56:33.0
DMY7WH01405920091,S001,MY7,MY7, ,,S,S,N,M1, ,,S,,MY7001,L,bbbbbbbbbbbbbbbbbb,N,Y,KG,3,20,MR,1,2,3,LT,6,,2,,2014/5/10,nexus,拠点　太郎,,N,MY7,N,,2,10,MY7,WH01,MY7,WH01,,,,D,,N,N,,,,Z,10,,,,N,N,,,,,,,,,,,,,,,,,,,,,,,,,,N,FOB,,,,N,,,,P,N,,,WC001,nexus,56:33.0,WC001,nexus,56:33.0
DMY7WH01405920092,S001,MY7,MY7, ,,S,S,N,M1, ,,S,,MY7001,L,bbbbbbbbbbbbbbbbbb,N,Y,KG,3,20,MR,1,2,3,LT,6,,2,,2014/5/10,nexus,拠点　太郎,,N,MY7,N,,2,10,MY7,WH01,MY7,WH01,,,,D,,N,N,,,,Z,10,,,,N,N,,,,,,,,,,,,,,,,,,,,,,,,,,N,FOB,,,,N,,,,P,N,,,WC001,nexus,56:33.0,WC001,nexus,56:33.0
DMY7WH01405920093,S001,MY7,MY7, ,,S,S,N,M1, ,,S,,MY7001,L,bbbbbbbbbbbbbbbbbb,N,Y,KG,3,20,MR,1,2,3,LT,6,,2,,2014/5/10,nexus,拠点　太郎,,N,MY7,N,,2,10,MY7,WH01,MY7,WH01,,,,D,,N,N,,,,Z,10,,,,N,N,,,,,,,,,,,,,,,,,,,,,,,,,,N,FOB,,,,N,,,,P,N,,,WC001,nexus,56:33.0,WC001,nexus,56:33.0
DMY7WH01405920094,S001,MY7,MY7, ,,S,S,N,M1, ,,S,,MY7001,L,bbbbbbbbbbbbbbbbbb,N,Y,KG,3,20,MR,1,2,3,LT,6,,2,,2014/5/10,nexus,拠点　太郎,,N,MY7,N,,2,10,MY7,WH01,MY7,WH01,,,,D,,N,N,,,,Z,10,,,,N,N,,,,,,,,,,,,,,,,,,,,,,,,,,N,FOB,,,,N,,,,P,N,,,WC001,nexus,56:33.0,WC001,nexus,56:33.0
DMY7WH01405920095,S001,MY7,MY7, ,,S,S,N,M1, ,,S,,MY7001,L,bbbbbbbbbbbbbbbbbb,N,Y,KG,3,20,MR,1,2,3,LT,6,,2,,2014/5/10,nexus,拠点　太郎,,N,MY7,N,,2,10,MY7,WH01,MY7,WH01,,,,D,,N,N,,,,Z,10,,,,N,N,,,,,,,,,,,,,,,,,,,,,,,,,,N,FOB,,,,N,,,,P,N,,,WC001,nexus,56:33.0,WC001,nexus,56:33.0
DMY7WH01405920096,S001,MY7,MY7, ,,S,S,N,M1, ,,S,,MY7001,L,bbbbbbbbbbbbbbbbbb,N,Y,KG,3,20,MR,1,2,3,LT,6,,2,,2014/5/10,nexus,拠点　太郎,,N,MY7,N,,2,10,MY7,WH01,MY7,WH01,,,,D,,N,N,,,,Z,10,,,,N,N,,,,,,,,,,,,,,,,,,,,,,,,,,N,FOB,,,,N,,,,P,N,,,WC001,nexus,56:33.0,WC001,nexus,56:33.0
DMY7WH01405920097,S001,MY7,MY7, ,,S,S,N,M1, ,,S,,MY7001,L,bbbbbbbbbbbbbbbbbb,N,Y,KG,3,20,MR,1,2,3,LT,6,,2,,2014/5/10,nexus,拠点　太郎,,N,MY7,N,,2,10,MY7,WH01,MY7,WH01,,,,D,,N,N,,,,Z,10,,,,N,N,,,,,,,,,,,,,,,,,,,,,,,,,,N,FOB,,,,N,,,,P,N,,,WC001,nexus,56:33.0,WC001,nexus,56:33.0
DMY7WH01405920098,S001,MY7,MY7, ,,S,S,N,M1, ,,S,,MY7001,L,bbbbbbbbbbbbbbbbbb,N,Y,KG,3,20,MR,1,2,3,LT,6,,2,,2014/5/10,nexus,拠点　太郎,,N,MY7,N,,2,10,MY7,WH01,MY7,WH01,,,,D,,N,N,,,,Z,10,,,,N,N,,,,,,,,,,,,,,,,,,,,,,,,,,N,FOB,,,,N,,,,P,N,,,WC001,nexus,56:33.0,WC001,nexus,56:33.0
DMY7WH01405920099,S001,MY7,MY7, ,,S,S,N,M1, ,,S,,MY7001,L,bbbbbbbbbbbbbbbbbb,N,Y,KG,3,20,MR,1,2,3,LT,6,,2,,2014/5/10,nexus,拠点　太郎,,N,MY7,N,,2,10,MY7,WH01,MY7,WH01,,,,D,,N,N,,,,Z,10,,,,N,N,,,,,,,,,,,,,,,,,,,,,,,,,,N,FOB,,,,N,,,,P,N,,,WC001,nexus,56:33.0,WC001,nexus,56:33.0
DMY7WH01405920100,S001,MY7,MY7, ,,S,S,N,M1, ,,S,,MY7001,L,bbbbbbbbbbbbbbbbbb,N,Y,KG,3,20,MR,1,2,3,LT,6,,2,,2014/5/10,nexus,拠点　太郎,,N,MY7,N,,2,10,MY7,WH01,MY7,WH01,,,,D,,N,N,,,,Z,10,,,,N,N,,,,,,,,,,,,,,,,,,,,,,,,,,N,FOB,,,,N,,,,P,N,,,WC001,nexus,56:33.0,WC001,nexus,56:33.0
DMY7WH01405920101,S001,MY7,MY7, ,,S,S,N,M1, ,,S,,MY7001,L,bbbbbbbbbbbbbbbbbb,N,Y,KG,3,20,MR,1,2,3,LT,6,,2,,2014/5/10,nexus,拠点　太郎,,N,MY7,N,,2,10,MY7,WH01,MY7,WH01,,,,D,,N,N,,,,Z,10,,,,N,N,,,,,,,,,,,,,,,,,,,,,,,,,,N,FOB,,,,N,,,,P,N,,,WC001,nexus,56:33.0,WC001,nexus,56:33.0
DMY7WH01405920102,S001,MY7,MY7, ,,S,S,N,M1, ,,S,,MY7001,L,bbbbbbbbbbbbbbbbbb,N,Y,KG,3,20,MR,1,2,3,LT,6,,2,,2014/5/10,nexus,拠点　太郎,,N,MY7,N,,2,10,MY7,WH01,MY7,WH01,,,,D,,N,N,,,,Z,10,,,,N,N,,,,,,,,,,,,,,,,,,,,,,,,,,N,FOB,,,,N,,,,P,N,,,WC001,nexus,56:33.0,WC001,nexus,56:33.0
DMY7WH01405920103,S001,MY7,MY7, ,,S,S,N,M1, ,,S,,MY7001,L,bbbbbbbbbbbbbbbbbb,N,Y,KG,3,20,MR,1,2,3,LT,6,,2,,2014/5/10,nexus,拠点　太郎,,N,MY7,N,,2,10,MY7,WH01,MY7,WH01,,,,D,,N,N,,,,Z,10,,,,N,N,,,,,,,,,,,,,,,,,,,,,,,,,,N,FOB,,,,N,,,,P,N,,,WC001,nexus,56:33.0,WC001,nexus,56:33.0
DMY7WH01405920104,S001,MY7,MY7, ,,S,S,N,M1, ,,S,,MY7001,L,bbbbbbbbbbbbbbbbbb,N,Y,KG,3,20,MR,1,2,3,LT,6,,2,,2014/5/10,nexus,拠点　太郎,,N,MY7,N,,2,10,MY7,WH01,MY7,WH01,,,,D,,N,N,,,,Z,10,,,,N,N,,,,,,,,,,,,,,,,,,,,,,,,,,N,FOB,,,,N,,,,P,N,,,WC001,nexus,56:33.0,WC001,nexus,56:33.0
